order_date,order_id,brand,item,colour,size,qty,price_cad
2022-12-17,,OVERTURE,PLA Plus (PLA+),Digital Blue,1kg,1,
2023-04-20,702-3196027-1643439,DURAMIC 3D,PETG,Purple,1kg,1,
2023-04-23,702-8985083-1318645,DURAMIC 3D,PETG,Yellow,1kg,1,
2023-04-23,702-8985083-1318645,DURAMIC 3D,PETG,Pink,1kg,1,
2023-04-23,702-4609671-1373866,Bed Weld,3D Printer Adhesive Glue (not filament),,118ml,1,
2023-04-27,702-3953685-4141805,DURAMIC 3D,PLA Plus (PLA+),Purple,1kg,1,
2023-04-27,702-4444982-2951429,DURAMIC 3D,PLA Plus (PLA+),Purple,1kg,1,
2023-04-27,702-2242937-2711411,DURAMIC 3D,PLA Plus (PLA+),White,1kg,1,
2023-07-22,701-7009154-3559460,Creality,Hyper PLA,Black,1kg,1,
2023-07-22,701-7009154-3559460,Creality,Hyper PLA,Grey,1kg,1,
2023-07-22,701-7009154-3559460,GIANTARM,PLA Glow in the Dark,Rainbow,1kg,1,
2023-07-22,701-7009154-3559460,TRONXY,PLA Glow in the Dark bundle,Green / Purple / Orange-red,250g x4,1,
2023-07-24,701-7221831-8590667,ANYCUBIC,Silk PLA,Silk Light Gold,1kg,1,
2023-07-24,701-7221831-8590667,DURAMIC 3D,PETG,Translucent Green,1kg,1,
2023-09-07,701-4302826-0657809,GIANTARM,PETG,Clear / Transparent,1kg,1,
2023-10-18,701-9236585-3290624,CC3D,Temp Colour Change PLA,Green to Yellow,1kg,1,
2024-08-23,,unbranded,PLA+ Colour Change,Rainbow,1kg,1,
2024-09-08,,CC3D,Silk PLA,Purple,1kg,1,
2025-09-14,,GIANTARM,PETG,Metal Green,1kg,1,
2025-10-07,,CC3D,Marble PETG,Stone Rock,1kg,1,
